{
    "Changes": [{
            "LogName": "TileSheet Load",
            "Action": "Load",
            "Target": "Maps/fall_museum, Maps/spring_museum, Maps/winter_museum, Maps/summer_museum",
            "FromFile": "assets/Maps/TileSheets/Museum/{{recolour}}/{{TargetWithoutPath}}.png",
        }, {
       "LogName": "Museum Shop edit",
       "Action": "EditMap",
       "Target": "Maps/Custom_MuseumCafe_ME",
       "MapProperties": {
       "ViewportFollowPlayer": "T"
       },
 }, {
            "LogName": "Entrance Shop Edit",
            "Action": "EditMap",
            "Target": "Maps/Town",
            "FromFile": "assets/Maps/SHOP.tmx",
            "When": {
                "HasMod: |contains=FlashShifter.StardewValleyExpandedALL": "false",
                "HasMod: |contains=DaisyNiko.SVR2": "false"
            },
            "FromArea": {
                "X": 0,
                "Y": 0,
                "Width": 8,
                "Height": 9
            },
            "ToArea": {
                "X": 102,
                "Y": 82,
                "Width": 8,
                "Height": 9
            },
        }, {
            "LogName": "Entrance Shop Edit SVE",
            "Action": "EditMap",
            "Target": "Maps/Town",
            "FromFile": "assets/Maps/SHOP.sve.tmx",
            "PatchMode": "ReplaceByLayer",            
			"When": {
                "HasMod: |contains=FlashShifter.StardewValleyExpandedALL": "true"
            },
            "FromArea": {
                "X": 0,
                "Y": 0,
                "Width": 8,
                "Height": 10
            },
            "ToArea": {
                "X": 102,
                "Y": 82,
                "Width": 8,
                "Height": 10
            },
        }, {
            "LogName": "Entrance Shop Edit RE2",
            "Action": "EditMap",
            "Target": "Maps/Town",
            "FromFile": "assets/Maps/SHOP.r2.tmx",
            "When": {
                "HasMod: |contains=FlashShifter.StardewValleyExpandedALL": "false",
                "HasMod: |contains=DaisyNiko.SVR2": "true"
            },
            "FromArea": {
                "X": 0,
                "Y": 0,
                "Width": 8,
                "Height": 11
            },
            "ToArea": {
                "X": 102,
                "Y": 82,
                "Width": 8,
                "Height": 11
            },
        }, {
            "LogName": "Randy Shop edit",
            "Action": "EditMap",
            "Target": "Maps/Custom_MuseumCafe_ME",
            "FromFile": "assets/Maps/shopmu3.tmx",
            "When": {
                "HasSeenEvent |contains=47360008": "true"
            },
            "FromArea": {
                "X": 0,
                "Y": 0,
                "Width": 3,
                "Height": 2,
            },
            "ToArea": {
                "X": 7,
                "Y": 9,
                "Width": 3,
                "Height": 2,
            },
        }, {
            "LogName": "Charlie Room door",
            "Action": "EditMap",
            "Target": "Maps/ArchaeologyHouse",
            "FromFile": "assets/Maps/Door.tmx",
            "FromArea": {
                "X": 0,
                "Y": 0,
                "Width": 3,
                "Height": 3,
            },
            "ToArea": {
                "X": 30,
                "Y": 1,
                "Width": 3,
                "Height": 3,
            },
        }, {
            "LogName": "Hide Gunther SVE flag",
            "Action": "EditMap",
            "When": {
                "HasMod: |contains=FlashShifter.StardewValleyExpandedALL": "false",
				"DayOfWeek: |contains=Tuesday, Thursday, Saturday": "true",
            },
            "Target": "Maps/ArchaeologyHouse",
            "FromFile": "assets/Maps/GuntherHide.tmx",
            "FromArea": {
                "X": 0,
                "Y": 0,
                "Width": 4,
                "Height": 3,
            },
            "ToArea": {
                "X": 2,
                "Y": 7,
                "Width": 4,
                "Height": 3,
            },
        },{
            "LogName": "Hide Gunther SVE flag Closed",
            "Action": "EditMap",
            "When": {
                "HasMod: |contains=FlashShifter.StardewValleyExpandedALL": "false",
				"DayOfWeek: |contains=Tuesday, Thursday, Saturday": "true",
            },
            "Target": "Maps/ArchaeologyHouse",
            "FromFile": "assets/Maps/GuntherHideClosed.tmx",
            "FromArea": {
                "X": 0,
                "Y": 0,
                "Width": 4,
                "Height": 3,
            },
            "ToArea": {
                "X": 2,
                "Y": 7,
                "Width": 4,
                "Height": 3,
            },
        }, {
            "LogName": "Museum Shop Fix edit",
            "Action": "EditMap",
            "When": {
                "HasSeenEvent |contains=47360002": "true"
            },
            "Target": "Maps/Custom_MuseumCafe_ME",
            "FromFile": "assets/Maps/shopmu1.tmx",
            "FromArea": {
                "X": 0,
                "Y": 0,
                "Width": 35,
                "Height": 20,
            },
            "ToArea": {
                "X": 0,
                "Y": 0,
                "Width": 35, 
                "Height": 20,
            },
        }, {
            "LogName": "Museum Shop Randy Room",
            "Action": "EditMap",
            "When": {
                "HasSeenEvent |contains=47360003": "true",
                "HasSeenEvent |contains=47360002": "true"
            },
            "Target": "Maps/Custom_MuseumCafe_ME",
            "FromFile": "assets/Maps/Randy_Room.tmx",
            "FromArea": {
                "X": 0,
                "Y": 0,
                "Width": 7,
                "Height": 7,
            },
            "ToArea": {
                "X": 19,
                "Y": 13,
                "Width": 7,
                "Height": 7,
            },
        }, {
            "LogName": "MuseumCafe Warps",
            "Action": "EditMap",
            "Target": "Maps/Custom_MuseumCafe_ME",
            "AddWarps": [
                "12 15 Town 108 90"
            ]
        }, {
            "LogName": "CharlieRoom Warps",
            "Action": "EditMap",
            "Target": "Maps/Custom_CharlieRoom_ME",
            "AddWarps": [
                "6 25 ArchaeologyHouse 31 4"
            ]
        },
    ]
}
