{
    "Changes": [{
            "LogName": "NPC Manifestation Randy 1",
            "Action": "EditData",
            "Target": "Data/NPCDispositions",
            "When": {
                "HasSeenEvent |contains=47360003": "true"
            },
            "Entries": {
                "Randy": "child/polite/outgoing/neutral/male/not-datable/null/Other/null/Charlie 'papa' GuntherWoods 'uncle'/Custom_MuseumCafe_ME 8 11/Randy"
            }
        }, {
            "LogName": "Randy Gift Tastes",
            "Action": "EditData",
            "Target": "Data/NPCGiftTastes",
            "Entries": {
                "Randy": "Fancy thing! Thanks!/84 82 43 395/T-thank... you!/96 67 68 99/Not cool.../88 90/T-trash thing.../68 70/I l-like.../80 82/"
            }
        }, {
            "LogName": "Randy Sprites",
            "Action": "Load",
            "Target": "Characters/Randy",
            "FromFile": "assets/SpriteSheets/{{TargetWithoutPath}}.png",
        }, {
            "Action": "EditData",
            "Target": "Data/CustomNPCExclusions",
            "When": {
                "HasSeenEvent |contains=47360003": "true"
            },
			"Entries": {
                "Randy": "IslandVisit"
            },
        }, {
            "LogName": "Randy Portraits",
            "Action": "Load",
            "Target": "Portraits/Randy",
            "FromFile": "assets/Portraits/{{RandyPortrait}}.png",
        }, {
            "LogName": "Randy Schedule",
            "Action": "Load",
            "When": {
                "HasSeenEvent |contains=47360003": "true",
                "HasSeenEvent |contains=47360008": "false"
            },
            "Target": "Characters/schedules/Randy",
            "FromFile": "assets/Schedules/RandySchedule.json",
        }, {
            "LogName": "Randy Schedule Shop",
            "Action": "Load",
            "When": {
                "HasSeenEvent |contains=47360008": "true",
                "HasSeenEvent |contains=47360003": "true"
            },
            "Target": "Characters/schedules/Randy",
            "FromFile": "assets/Schedules/RandySchedule.json",
        }, {
            "LogName": "Randy Schedule Dialogue",
            "Action": "Load",
            "Target": "Strings/schedules/Randy",
            "FromFile": "assets/Schedules/RandySche.en.json",
        }, {
            "LogName": "Dialogues",
            "Action": "Load",
            "Target": "Characters/Dialogue/Randy",
            "FromFile": "assets/Dialogues/{{TargetWithoutPath}}.en.json",
        },
    ]
}
