{
    "$schema": "https://smapi.io/schemas/content-patcher.json",
	"Format": "1.21.0",
    "ConfigSchema": {

        "CharliePortrait": {
            "AllowValues": "Original, FellowOriginal, FellowEdited",
            "Description": "Alters between the three Charlie portrait options available for the mod",
            "Default": "Original",
            "AllowBlank": false,
        },
        "RandyPortrait": {
        "AllowValues": "RandyOriginal, RandyRevamped",
        "Description": "Alters between the original and the revamped portraits for Randy",
        "Default": "RandyRevamped",
        "AllowBlank": false,
    },
    },
    "DynamicTokens": [{
            "Name": "recolour",
            "Value": "Vanilla",
        }, {
            "Name": "recolour",
            "Value": "FlowerValley",
            "When": {
                "HasMod: |contains=kaya.floralvalley": "true"
            },
        }, {
            "Name": "recolour",
            "Value": "Starblue",
            "When": {
                "HasMod: |contains=Lita.StarblueValley": "true"
            },
        }, {
            "Name": "recolour",
            "Value": "VibrantPastoral",
            "When": {
                "HasMod: |contains=grapeponta.VibrantPastoralRecolor": "true"
            },
        },
    ],
    "CustomLocations": [{
            "Name": "Custom_CharlieRoom_ME",
            "FromMapFile": "assets/Maps Additions/CharlieRoom.tmx",
        }, {
            "Name": "Custom_GuntherJudgment_ME",
            "FromMapFile": "assets/Maps Additions/Judgment.tmx",
        }, {
            "Name": "Custom_MuseumCafe_ME",
            "FromMapFile": "assets/Maps Additions/shopmu.tmx",
        },
    ],
    "Changes": [{
            "LogName": "Npcs Base loaders",
            "Action": "Include",
            "FromFile": "assets/Includes/CharlieInclude.json, assets/Includes/RandyInclude.json",
        },{
            "LogName": "GuntherWoods Npc Base",
            "Action": "Include",
            "FromFile": "assets/Includes/GuntherWoodsInclude.json",
			"When": {
                "HasMod |contains=FlashShifter.StardewValleyExpandedALL, Yoshimax.BefriendMarlon, ChicoLopes.GuntherToNPC, Wolf.Gun": false
            }
        }, {
            "LogName": "Events Include",
            "Action": "Include",
            "FromFile": "assets/Includes/EventsInclude.json",
        }, {
            "LogName": "Npcs Festival Files",
            "Action": "Include",
            "FromFile": "assets/Includes/FestivalDialogues.json, assets/Includes/FestivalPositions.json",
        }, {
            "LogName": "Maps Edits",
            "Action": "Include",
            "FromFile": "assets/Includes/MapsChanges.json",
		}, {
			"LogName": "Movie Files",
			"Action": "Include",
			"FromFile": "assets/Movies/ConcessionTastes.json, assets/Movies/MovieReactions.json",
		}, {
                "LogName": "Animations",
                "Action": "EditData",
                "Target": "Data/animationdescriptions",
                "Entries": {
                    "charlie_read": "16/16 16 16 16 16 16 16 16 16 17 17 17 17 17 17 17 17 17 16 16 16 16 16 16 16 16 16 17 17 17 17 17 17 17 17 17/17",
                    "charlie_drink": "20/20 20 20 20 20 20 21 21 21 21 21 21 22 22 22 22 22 22/22",
                    "randy_read": "16/16 16 16 16 16 16 16 17 17 17 17 17 17 17 18 18 18 18 18 18 18/18",
                    "randy_shop": "19/19/19",
                    "gunther_search": "17/17 17 17 17 18 18 18 18 18 19 19 19 19/19",
                },
            },
            ]
        }
