{
	"Mon": "750 ArchaeologyHouse 20 5 2 charlie_read /1000 Town 76 95 2/1300 Beach 54 7 2 charlie_read /1500 Beach 40 24 2 charlie_drink /1900 ArchaeologyHouse 20 5 0",
	"Tue": "630 Beach 26 4 2 charlie_read \"Strings\\schedules\\Charlie:beach.000\"/1030 SeedShop 3 23 0/1300 Town 23 26 1/1500 Mountain 42 6 0 charlie_read /1800 Saloon 23 18 0 charlie_drink \"Strings\\schedules\\Charlie:saloon.002\"",
	"Wed": "700 Town 106 56 2 charlie_drink/1200 Town 43 78 0 charlie_read /1400 Forest 100 23 0/2000 Saloon 23 18 0 charlie_drink \"Strings\\schedules\\Charlie:saloon.002\"",
	"Thu": "700 ArchaeologyHouse 20 5 2 charlie_read/1000 SeedShop 3 23 0/1400 Town 23 26 1/1600 Town 86 103 2/1800 Custom_CharlieRoom_ME 15 5 2",
	"Fri": "GOTO Tue",
    "Sat": "GOTO Thu",
	"Sun": "GOTO Wed",
    "rain": "GOTO Thu",
}	